<?xml version="1.0" encoding="UTF-8"?>
<project-private xmlns="http://www.netbeans.org/ns/project-private/1">
    <editor-bookmarks xmlns="http://www.netbeans.org/ns/editor-bookmarks/2" lastBookmarkId="1">
        <file>
            <url>ajax/insertnuevaventa.php</url>
            <bookmark id="1">
                <name/>
                <line>33</line>
                <key/>
            </bookmark>
        </file>
    </editor-bookmarks>
    <open-files xmlns="http://www.netbeans.org/ns/projectui-open-files/2">
        <group>
            <file>file:/D:/xampp/htdocs/sistemaveterinaria/sistemaveterinaria/js/mijs.js</file>
            <file>file:/D:/xampp/htdocs/sistemaveterinaria/sistemaveterinaria/ventas/tablaVentasTemp.php</file>
            <file>file:/D:/xampp/htdocs/sistemaveterinaria/sistemaveterinaria/ajax/insertnuevaventa.php</file>
            <file>file:/D:/xampp/htdocs/sistemaveterinaria/sistemaveterinaria/Nuevaventa.php</file>
        </group>
    </open-files>
</project-private>
